TRANSMISSION_LINE,PERIOD,TotalAnnualCost,TxCapacityNameplate,TxCapacityNameplateAvailable,trans_dbid,trans_derating_factor,trans_efficiency,trans_length_km,trans_lz1,trans_lz2
7-2,2016,499772104.4647154,7500.0,7500.0,1,1.0,0.971055347,465.8190285,Anhui,Henan
7-2,2021,499772104.4647154,7500.0,7500.0,1,1.0,0.971055347,465.8190285,Anhui,Henan
7-2,2026,499772104.4647154,7500.0,7500.0,1,1.0,0.971055347,465.8190285,Anhui,Henan
7-2,2031,499772104.4647154,7500.0,7500.0,1,1.0,0.971055347,465.8190285,Anhui,Henan
7-2,2036,499772104.4647154,7500.0,7500.0,1,1.0,0.971055347,465.8190285,Anhui,Henan
7-3,2016,341406407.68412566,7500.0,7500.0,2,1.0,0.980227208,318.2122406,Anhui,Hubei
7-3,2021,341406407.68412566,7500.0,7500.0,2,1.0,0.980227208,318.2122406,Anhui,Hubei
7-3,2026,341406407.68412566,7500.0,7500.0,2,1.0,0.980227208,318.2122406,Anhui,Hubei
7-3,2031,341406407.68412566,7500.0,7500.0,2,1.0,0.980227208,318.2122406,Anhui,Hubei
7-3,2036,341406407.68412566,7500.0,7500.0,2,1.0,0.980227208,318.2122406,Anhui,Hubei
7-9,2016,255204331.36788294,12500.0,12500.0,3,1.0,0.991131797,142.7198909,Anhui,Jiangsu
7-9,2021,255204331.36788294,12500.0,12500.0,3,1.0,0.991131797,142.7198909,Anhui,Jiangsu
7-9,2026,255204331.36788294,12500.0,12500.0,3,1.0,0.991131797,142.7198909,Anhui,Jiangsu
7-9,2031,255204331.36788294,12500.0,12500.0,3,1.0,0.991131797,142.7198909,Anhui,Jiangsu
7-9,2036,255204331.36788294,12500.0,12500.0,3,1.0,0.991131797,142.7198909,Anhui,Jiangsu
7-5,2016,405790945.46419215,7500.0,7500.0,4,1.0,0.976498332,378.2226785,Anhui,Jiangxi
7-5,2021,405790945.46419215,7500.0,7500.0,4,1.0,0.976498332,378.2226785,Anhui,Jiangxi
7-5,2026,405790945.46419215,7500.0,7500.0,4,1.0,0.976498332,378.2226785,Anhui,Jiangxi
7-5,2031,405790945.46419215,7500.0,7500.0,4,1.0,0.976498332,378.2226785,Anhui,Jiangxi
7-5,2036,405790945.46419215,7500.0,7500.0,4,1.0,0.976498332,378.2226785,Anhui,Jiangxi
7-15,2016,573712881.5962641,7500.0,7500.0,5,1.0,0.966773015,534.7364824,Anhui,Shandong
7-15,2021,573712881.5962641,7500.0,7500.0,5,1.0,0.966773015,534.7364824,Anhui,Shandong
7-15,2026,573712881.5962641,7500.0,7500.0,5,1.0,0.966773015,534.7364824,Anhui,Shandong
7-15,2031,573712881.5962641,7500.0,7500.0,5,1.0,0.966773015,534.7364824,Anhui,Shandong
7-15,2036,573712881.5962641,7500.0,7500.0,5,1.0,0.966773015,534.7364824,Anhui,Shandong
7-11,2016,350891798.0604918,7500.0,7500.0,6,1.0,0.979677855,327.0532209,Anhui,Zhejiang
7-11,2021,350891798.0604918,7500.0,7500.0,6,1.0,0.979677855,327.0532209,Anhui,Zhejiang
7-11,2026,350891798.0604918,7500.0,7500.0,6,1.0,0.979677855,327.0532209,Anhui,Zhejiang
7-11,2031,350891798.0604918,7500.0,7500.0,6,1.0,0.979677855,327.0532209,Anhui,Zhejiang
7-11,2036,350891798.0604918,7500.0,7500.0,6,1.0,0.979677855,327.0532209,Anhui,Zhejiang
13-14,2016,436312400.622836,11500.0,11500.0,7,1.0,0.983519996,265.2199526,Beijing,Hebei
13-14,2021,436312400.622836,11500.0,11500.0,7,1.0,0.983519996,265.2199526,Beijing,Hebei
13-14,2026,436312400.622836,11500.0,11500.0,7,1.0,0.983519996,265.2199526,Beijing,Hebei
13-14,2031,436312400.622836,11500.0,11500.0,7,1.0,0.983519996,265.2199526,Beijing,Hebei
13-14,2036,436312400.622836,11500.0,11500.0,7,1.0,0.983519996,265.2199526,Beijing,Hebei
13-17,2016,201848520.21290976,12500.0,12500.0,8,1.0,0.992985881,112.8813082,Beijing,Tianjin
13-17,2021,201848520.21290976,12500.0,12500.0,8,1.0,0.992985881,112.8813082,Beijing,Tianjin
13-17,2026,201848520.21290976,12500.0,12500.0,8,1.0,0.992985881,112.8813082,Beijing,Tianjin
13-17,2031,201848520.21290976,12500.0,12500.0,8,1.0,0.992985881,112.8813082,Beijing,Tianjin
13-17,2036,201848520.21290976,12500.0,12500.0,8,1.0,0.992985881,112.8813082,Beijing,Tianjin
1-30,2016,356298077.9287659,7500.0,7500.0,9,1.0,0.979364747,332.0922137,Chongqing,Guizhou
1-30,2021,356298077.9287659,7500.0,7500.0,9,1.0,0.979364747,332.0922137,Chongqing,Guizhou
1-30,2026,356298077.9287659,7500.0,7500.0,9,1.0,0.979364747,332.0922137,Chongqing,Guizhou
1-30,2031,356298077.9287659,7500.0,7500.0,9,1.0,0.979364747,332.0922137,Chongqing,Guizhou
1-30,2036,356298077.9287659,7500.0,7500.0,9,1.0,0.979364747,332.0922137,Chongqing,Guizhou
1-14,2016,684639523.4489666,4000.0,4000.0,10,1.0,0.925653664,1196.48829,Chongqing,Hebei
1-14,2021,684639523.4489666,4000.0,4000.0,10,1.0,0.925653664,1196.48829,Chongqing,Hebei
1-14,2026,684639523.4489666,4000.0,4000.0,10,1.0,0.925653664,1196.48829,Chongqing,Hebei
1-14,2031,684639523.4489666,4000.0,4000.0,10,1.0,0.925653664,1196.48829,Chongqing,Hebei
1-14,2036,684639523.4489666,4000.0,4000.0,10,1.0,0.925653664,1196.48829,Chongqing,Hebei
1-3,2016,812259581.577333,7500.0,7500.0,11,1.0,0.952957416,757.0770073,Chongqing,Hubei
1-3,2021,812259581.577333,7500.0,7500.0,11,1.0,0.952957416,757.0770073,Chongqing,Hubei
1-3,2026,812259581.577333,7500.0,7500.0,11,1.0,0.952957416,757.0770073,Chongqing,Hubei
1-3,2031,812259581.577333,7500.0,7500.0,11,1.0,0.952957416,757.0770073,Chongqing,Hubei
1-3,2036,812259581.577333,7500.0,7500.0,11,1.0,0.952957416,757.0770073,Chongqing,Hubei
1-4,2016,694990418.4117359,7500.0,7500.0,12,1.0,0.959749142,647.774773,Chongqing,Hunan
1-4,2021,694990418.4117359,7500.0,7500.0,12,1.0,0.959749142,647.774773,Chongqing,Hunan
1-4,2026,694990418.4117359,7500.0,7500.0,12,1.0,0.959749142,647.774773,Chongqing,Hunan
1-4,2031,694990418.4117359,7500.0,7500.0,12,1.0,0.959749142,647.774773,Chongqing,Hunan
1-4,2036,694990418.4117359,7500.0,7500.0,12,1.0,0.959749142,647.774773,Chongqing,Hunan
1-26,2016,613010898.576077,7500.0,7500.0,13,1.0,0.964497043,571.3647054,Chongqing,Shaanxi
1-26,2021,613010898.576077,7500.0,7500.0,13,1.0,0.964497043,571.3647054,Chongqing,Shaanxi
1-26,2026,613010898.576077,7500.0,7500.0,13,1.0,0.964497043,571.3647054,Chongqing,Shaanxi
1-26,2031,613010898.576077,7500.0,7500.0,13,1.0,0.964497043,571.3647054,Chongqing,Shaanxi
1-26,2036,613010898.576077,7500.0,7500.0,13,1.0,0.964497043,571.3647054,Chongqing,Shaanxi
1-6,2016,283061097.5173821,7500.0,7500.0,14,1.0,0.983606318,263.8307426,Chongqing,Sichuan
1-6,2021,283061097.5173821,7500.0,7500.0,14,1.0,0.983606318,263.8307426,Chongqing,Sichuan
1-6,2026,283061097.5173821,7500.0,7500.0,14,1.0,0.983606318,263.8307426,Chongqing,Sichuan
1-6,2031,283061097.5173821,7500.0,7500.0,14,1.0,0.983606318,263.8307426,Chongqing,Sichuan
1-6,2036,283061097.5173821,7500.0,7500.0,14,1.0,0.983606318,263.8307426,Chongqing,Sichuan
19-13,2016,612462979.4645936,5000.0,5000.0,15,1.0,0.946793164,856.2810155,East_Inner_Mongolia,Beijing
19-13,2021,612462979.4645936,5000.0,5000.0,15,1.0,0.946793164,856.2810155,East_Inner_Mongolia,Beijing
19-13,2026,612462979.4645936,5000.0,5000.0,15,1.0,0.946793164,856.2810155,East_Inner_Mongolia,Beijing
19-13,2031,612462979.4645936,5000.0,5000.0,15,1.0,0.946793164,856.2810155,East_Inner_Mongolia,Beijing
19-13,2036,612462979.4645936,5000.0,5000.0,15,1.0,0.946793164,856.2810155,East_Inner_Mongolia,Beijing
19-14,2016,1828435104.391706,11500.0,11500.0,16,1.0,0.930937976,1111.44554,East_Inner_Mongolia,Hebei
19-14,2021,1828435104.391706,11500.0,11500.0,16,1.0,0.930937976,1111.44554,East_Inner_Mongolia,Hebei
19-14,2026,1828435104.391706,11500.0,11500.0,16,1.0,0.930937976,1111.44554,East_Inner_Mongolia,Hebei
19-14,2031,1828435104.391706,11500.0,11500.0,16,1.0,0.930937976,1111.44554,East_Inner_Mongolia,Hebei
19-14,2036,1828435104.391706,11500.0,11500.0,16,1.0,0.930937976,1111.44554,East_Inner_Mongolia,Hebei
19-20,2016,541675982.963593,7500.0,7500.0,17,1.0,0.968628455,504.8760783,East_Inner_Mongolia,Heilongjiang
19-20,2021,541675982.963593,7500.0,7500.0,17,1.0,0.968628455,504.8760783,East_Inner_Mongolia,Heilongjiang
19-20,2026,541675982.963593,7500.0,7500.0,17,1.0,0.968628455,504.8760783,East_Inner_Mongolia,Heilongjiang
19-20,2031,541675982.963593,7500.0,7500.0,17,1.0,0.968628455,504.8760783,East_Inner_Mongolia,Heilongjiang
19-20,2036,541675982.963593,7500.0,7500.0,17,1.0,0.968628455,504.8760783,East_Inner_Mongolia,Heilongjiang
19-9,2016,1726005927.8906512,7200.0,7200.0,18,1.0,0.895872036,1675.777147,East_Inner_Mongolia,Jiangsu
19-9,2021,1726005927.8906512,7200.0,7200.0,18,1.0,0.895872036,1675.777147,East_Inner_Mongolia,Jiangsu
19-9,2026,1726005927.8906512,7200.0,7200.0,18,1.0,0.895872036,1675.777147,East_Inner_Mongolia,Jiangsu
19-9,2031,1726005927.8906512,7200.0,7200.0,18,1.0,0.895872036,1675.777147,East_Inner_Mongolia,Jiangsu
19-9,2036,1726005927.8906512,7200.0,7200.0,18,1.0,0.895872036,1675.777147,East_Inner_Mongolia,Jiangsu
19-21,2016,562457730.0479927,7500.0,7500.0,19,1.0,0.967424865,524.2459734,East_Inner_Mongolia,Jilin
19-21,2021,562457730.0479927,7500.0,7500.0,19,1.0,0.967424865,524.2459734,East_Inner_Mongolia,Jilin
19-21,2026,562457730.0479927,7500.0,7500.0,19,1.0,0.967424865,524.2459734,East_Inner_Mongolia,Jilin
19-21,2031,562457730.0479927,7500.0,7500.0,19,1.0,0.967424865,524.2459734,East_Inner_Mongolia,Jilin
19-21,2036,562457730.0479927,7500.0,7500.0,19,1.0,0.967424865,524.2459734,East_Inner_Mongolia,Jilin
19-22,2016,1044351171.2325548,11500.0,11500.0,20,1.0,0.960553697,634.8267153,East_Inner_Mongolia,Liaoning
19-22,2021,1044351171.2325548,11500.0,11500.0,20,1.0,0.960553697,634.8267153,East_Inner_Mongolia,Liaoning
19-22,2026,1044351171.2325548,11500.0,11500.0,20,1.0,0.960553697,634.8267153,East_Inner_Mongolia,Liaoning
19-22,2031,1044351171.2325548,11500.0,11500.0,20,1.0,0.960553697,634.8267153,East_Inner_Mongolia,Liaoning
19-22,2036,1044351171.2325548,11500.0,11500.0,20,1.0,0.960553697,634.8267153,East_Inner_Mongolia,Liaoning
19-15,2016,2449405621.732922,14400.0,14400.0,21,1.0,0.92611508,1189.062534,East_Inner_Mongolia,Shandong
19-15,2021,2449405621.732922,14400.0,14400.0,21,1.0,0.92611508,1189.062534,East_Inner_Mongolia,Shandong
19-15,2026,2449405621.732922,14400.0,14400.0,21,1.0,0.92611508,1189.062534,East_Inner_Mongolia,Shandong
19-15,2031,2449405621.732922,14400.0,14400.0,21,1.0,0.92611508,1189.062534,East_Inner_Mongolia,Shandong
19-15,2036,2449405621.732922,14400.0,14400.0,21,1.0,0.92611508,1189.062534,East_Inner_Mongolia,Shandong
19-17,2016,525678129.98650104,4000.0,4000.0,22,1.0,0.942915591,918.6845125,East_Inner_Mongolia,Tianjin
19-17,2021,525678129.98650104,4000.0,4000.0,22,1.0,0.942915591,918.6845125,East_Inner_Mongolia,Tianjin
19-17,2026,525678129.98650104,4000.0,4000.0,22,1.0,0.942915591,918.6845125,East_Inner_Mongolia,Tianjin
19-17,2031,525678129.98650104,4000.0,4000.0,22,1.0,0.942915591,918.6845125,East_Inner_Mongolia,Tianjin
19-17,2036,525678129.98650104,4000.0,4000.0,22,1.0,0.942915591,918.6845125,East_Inner_Mongolia,Tianjin
19-18,2016,1053229569.1298126,7500.0,7500.0,23,1.0,0.93900147,981.6761886,East_Inner_Mongolia,West_Inner_Mongolia
19-18,2021,1053229569.1298126,7500.0,7500.0,23,1.0,0.93900147,981.6761886,East_Inner_Mongolia,West_Inner_Mongolia
19-18,2026,1053229569.1298126,7500.0,7500.0,23,1.0,0.93900147,981.6761886,East_Inner_Mongolia,West_Inner_Mongolia
19-18,2031,1053229569.1298126,7500.0,7500.0,23,1.0,0.93900147,981.6761886,East_Inner_Mongolia,West_Inner_Mongolia
19-18,2036,1053229569.1298126,7500.0,7500.0,23,1.0,0.93900147,981.6761886,East_Inner_Mongolia,West_Inner_Mongolia
8-28,2016,743767873.7016953,7500.0,7500.0,24,1.0,0.956924161,693.2384286,Fujian,Guangdong
8-28,2021,743767873.7016953,7500.0,7500.0,24,1.0,0.956924161,693.2384286,Fujian,Guangdong
8-28,2026,743767873.7016953,7500.0,7500.0,24,1.0,0.956924161,693.2384286,Fujian,Guangdong
8-28,2031,743767873.7016953,7500.0,7500.0,24,1.0,0.956924161,693.2384286,Fujian,Guangdong
8-28,2036,743767873.7016953,7500.0,7500.0,24,1.0,0.956924161,693.2384286,Fujian,Guangdong
8-5,2016,474918120.6573699,7500.0,7500.0,25,1.0,0.972494783,442.6535527,Fujian,Jiangxi
8-5,2021,474918120.6573699,7500.0,7500.0,25,1.0,0.972494783,442.6535527,Fujian,Jiangxi
8-5,2026,474918120.6573699,7500.0,7500.0,25,1.0,0.972494783,442.6535527,Fujian,Jiangxi
8-5,2031,474918120.6573699,7500.0,7500.0,25,1.0,0.972494783,442.6535527,Fujian,Jiangxi
8-5,2036,474918120.6573699,7500.0,7500.0,25,1.0,0.972494783,442.6535527,Fujian,Jiangxi
8-11,2016,507698692.61153847,7500.0,7500.0,26,1.0,0.970596274,473.2071071,Fujian,Zhejiang
8-11,2021,507698692.61153847,7500.0,7500.0,26,1.0,0.970596274,473.2071071,Fujian,Zhejiang
8-11,2026,507698692.61153847,7500.0,7500.0,26,1.0,0.970596274,473.2071071,Fujian,Zhejiang
8-11,2031,507698692.61153847,7500.0,7500.0,26,1.0,0.970596274,473.2071071,Fujian,Zhejiang
8-11,2036,507698692.61153847,7500.0,7500.0,26,1.0,0.970596274,473.2071071,Fujian,Zhejiang
23-9,2016,1496046110.6258652,7200.0,7200.0,27,1.0,0.909745249,1452.509428,Gansu,Jiangsu
23-9,2021,1496046110.6258652,7200.0,7200.0,27,1.0,0.909745249,1452.509428,Gansu,Jiangsu
23-9,2026,1496046110.6258652,7200.0,7200.0,27,1.0,0.909745249,1452.509428,Gansu,Jiangsu
23-9,2031,1496046110.6258652,7200.0,7200.0,27,1.0,0.909745249,1452.509428,Gansu,Jiangsu
23-9,2036,1496046110.6258652,7200.0,7200.0,27,1.0,0.909745249,1452.509428,Gansu,Jiangsu
23-24,2016,373198305.14339966,7500.0,7500.0,28,1.0,0.978385958,347.8442882,Gansu,Ningxia
23-24,2021,373198305.14339966,7500.0,7500.0,28,1.0,0.978385958,347.8442882,Gansu,Ningxia
23-24,2026,373198305.14339966,7500.0,7500.0,28,1.0,0.978385958,347.8442882,Gansu,Ningxia
23-24,2031,373198305.14339966,7500.0,7500.0,28,1.0,0.978385958,347.8442882,Gansu,Ningxia
23-24,2036,373198305.14339966,7500.0,7500.0,28,1.0,0.978385958,347.8442882,Gansu,Ningxia
23-25,2016,199353306.95076096,7500.0,7500.0,29,1.0,0.988454313,185.809818,Gansu,Qinghai
23-25,2021,199353306.95076096,7500.0,7500.0,29,1.0,0.988454313,185.809818,Gansu,Qinghai
23-25,2026,199353306.95076096,7500.0,7500.0,29,1.0,0.988454313,185.809818,Gansu,Qinghai
23-25,2031,199353306.95076096,7500.0,7500.0,29,1.0,0.988454313,185.809818,Gansu,Qinghai
23-25,2036,199353306.95076096,7500.0,7500.0,29,1.0,0.988454313,185.809818,Gansu,Qinghai
23-26,2016,550836257.9367534,7500.0,7500.0,30,1.0,0.968097931,513.4140306,Gansu,Shaanxi
23-26,2021,550836257.9367534,7500.0,7500.0,30,1.0,0.968097931,513.4140306,Gansu,Shaanxi
23-26,2026,550836257.9367534,7500.0,7500.0,30,1.0,0.968097931,513.4140306,Gansu,Shaanxi
23-26,2031,550836257.9367534,7500.0,7500.0,30,1.0,0.968097931,513.4140306,Gansu,Shaanxi
23-26,2036,550836257.9367534,7500.0,7500.0,30,1.0,0.968097931,513.4140306,Gansu,Shaanxi
23-6,2016,645897562.1918812,7500.0,7500.0,31,1.0,0.962592389,602.0171439,Gansu,Sichuan
23-6,2021,645897562.1918812,7500.0,7500.0,31,1.0,0.962592389,602.0171439,Gansu,Sichuan
23-6,2026,645897562.1918812,7500.0,7500.0,31,1.0,0.962592389,602.0171439,Gansu,Sichuan
23-6,2031,645897562.1918812,7500.0,7500.0,31,1.0,0.962592389,602.0171439,Gansu,Sichuan
23-6,2036,645897562.1918812,7500.0,7500.0,31,1.0,0.962592389,602.0171439,Gansu,Sichuan
23-18,2016,931111248.6994748,7500.0,7500.0,32,1.0,0.946074038,867.8542348,Gansu,West_Inner_Mongolia
23-18,2021,931111248.6994748,7500.0,7500.0,32,1.0,0.946074038,867.8542348,Gansu,West_Inner_Mongolia
23-18,2026,931111248.6994748,7500.0,7500.0,32,1.0,0.946074038,867.8542348,Gansu,West_Inner_Mongolia
23-18,2031,931111248.6994748,7500.0,7500.0,32,1.0,0.946074038,867.8542348,Gansu,West_Inner_Mongolia
23-18,2036,931111248.6994748,7500.0,7500.0,32,1.0,0.946074038,867.8542348,Gansu,West_Inner_Mongolia
23-27,2016,1736055147.800002,7500.0,7500.0,33,1.0,0.899455147,1618.112566,Gansu,Xinjiang
23-27,2021,1736055147.800002,7500.0,7500.0,33,1.0,0.899455147,1618.112566,Gansu,Xinjiang
23-27,2026,1736055147.800002,7500.0,7500.0,33,1.0,0.899455147,1618.112566,Gansu,Xinjiang
23-27,2031,1736055147.800002,7500.0,7500.0,33,1.0,0.899455147,1618.112566,Gansu,Xinjiang
23-27,2036,1736055147.800002,7500.0,7500.0,33,1.0,0.899455147,1618.112566,Gansu,Xinjiang
28-29,2016,544951879.6395462,7500.0,7500.0,35,1.0,0.968438729,507.92942,Guangdong,Guangxi
28-29,2021,544951879.6395462,7500.0,7500.0,35,1.0,0.968438729,507.92942,Guangdong,Guangxi
28-29,2026,544951879.6395462,7500.0,7500.0,35,1.0,0.968438729,507.92942,Guangdong,Guangxi
28-29,2031,544951879.6395462,7500.0,7500.0,35,1.0,0.968438729,507.92942,Guangdong,Guangxi
28-29,2036,544951879.6395462,7500.0,7500.0,35,1.0,0.968438729,507.92942,Guangdong,Guangxi
28-4,2016,607019336.6308255,7500.0,7500.0,37,1.0,0.964844049,565.7801929,Guangdong,Hunan
28-4,2021,607019336.6308255,7500.0,7500.0,37,1.0,0.964844049,565.7801929,Guangdong,Hunan
28-4,2026,607019336.6308255,7500.0,7500.0,37,1.0,0.964844049,565.7801929,Guangdong,Hunan
28-4,2031,607019336.6308255,7500.0,7500.0,37,1.0,0.964844049,565.7801929,Guangdong,Hunan
28-4,2036,607019336.6308255,7500.0,7500.0,37,1.0,0.964844049,565.7801929,Guangdong,Hunan
28-5,2016,720822812.7069278,7500.0,7500.0,38,1.0,0.95825304,671.8521889,Guangdong,Jiangxi
28-5,2021,720822812.7069278,7500.0,7500.0,38,1.0,0.95825304,671.8521889,Guangdong,Jiangxi
28-5,2026,720822812.7069278,7500.0,7500.0,38,1.0,0.95825304,671.8521889,Guangdong,Jiangxi
28-5,2031,720822812.7069278,7500.0,7500.0,38,1.0,0.95825304,671.8521889,Guangdong,Jiangxi
28-5,2036,720822812.7069278,7500.0,7500.0,38,1.0,0.95825304,671.8521889,Guangdong,Jiangxi
29-30,2016,482072838.0289816,7500.0,7500.0,40,1.0,0.972080413,449.3221992,Guangxi,Guizhou
29-30,2021,482072838.0289816,7500.0,7500.0,40,1.0,0.972080413,449.3221992,Guangxi,Guizhou
29-30,2026,482072838.0289816,7500.0,7500.0,40,1.0,0.972080413,449.3221992,Guangxi,Guizhou
29-30,2031,482072838.0289816,7500.0,7500.0,40,1.0,0.972080413,449.3221992,Guangxi,Guizhou
29-30,2036,482072838.0289816,7500.0,7500.0,40,1.0,0.972080413,449.3221992,Guangxi,Guizhou
29-4,2016,816454079.7936671,7500.0,7500.0,41,1.0,0.952714488,760.9865434,Guangxi,Hunan
29-4,2021,816454079.7936671,7500.0,7500.0,41,1.0,0.952714488,760.9865434,Guangxi,Hunan
29-4,2026,816454079.7936671,7500.0,7500.0,41,1.0,0.952714488,760.9865434,Guangxi,Hunan
29-4,2031,816454079.7936671,7500.0,7500.0,41,1.0,0.952714488,760.9865434,Guangxi,Hunan
29-4,2036,816454079.7936671,7500.0,7500.0,41,1.0,0.952714488,760.9865434,Guangxi,Hunan
29-32,2016,667083608.714546,7500.0,7500.0,42,1.0,0.961365384,621.7638715,Guangxi,Yunnan
29-32,2021,667083608.714546,7500.0,7500.0,42,1.0,0.961365384,621.7638715,Guangxi,Yunnan
29-32,2026,667083608.714546,7500.0,7500.0,42,1.0,0.961365384,621.7638715,Guangxi,Yunnan
29-32,2031,667083608.714546,7500.0,7500.0,42,1.0,0.961365384,621.7638715,Guangxi,Yunnan
29-32,2036,667083608.714546,7500.0,7500.0,42,1.0,0.961365384,621.7638715,Guangxi,Yunnan
30-4,2016,691726115.1595719,7500.0,7500.0,45,1.0,0.959938196,644.7322371,Guizhou,Hunan
30-4,2021,691726115.1595719,7500.0,7500.0,45,1.0,0.959938196,644.7322371,Guizhou,Hunan
30-4,2026,691726115.1595719,7500.0,7500.0,45,1.0,0.959938196,644.7322371,Guizhou,Hunan
30-4,2031,691726115.1595719,7500.0,7500.0,45,1.0,0.959938196,644.7322371,Guizhou,Hunan
30-4,2036,691726115.1595719,7500.0,7500.0,45,1.0,0.959938196,644.7322371,Guizhou,Hunan
30-9,2016,1356453102.6630323,7200.0,7200.0,46,1.0,0.918166735,1316.978739,Guizhou,Jiangsu
30-9,2021,1356453102.6630323,7200.0,7200.0,46,1.0,0.918166735,1316.978739,Guizhou,Jiangsu
30-9,2026,1356453102.6630323,7200.0,7200.0,46,1.0,0.918166735,1316.978739,Guizhou,Jiangsu
30-9,2031,1356453102.6630323,7200.0,7200.0,46,1.0,0.918166735,1316.978739,Guizhou,Jiangsu
30-9,2036,1356453102.6630323,7200.0,7200.0,46,1.0,0.918166735,1316.978739,Guizhou,Jiangsu
30-6,2016,559623713.858366,7500.0,7500.0,47,1.0,0.967588999,521.6044921,Guizhou,Sichuan
30-6,2021,559623713.858366,7500.0,7500.0,47,1.0,0.967588999,521.6044921,Guizhou,Sichuan
30-6,2026,559623713.858366,7500.0,7500.0,47,1.0,0.967588999,521.6044921,Guizhou,Sichuan
30-6,2031,559623713.858366,7500.0,7500.0,47,1.0,0.967588999,521.6044921,Guizhou,Sichuan
30-6,2036,559623713.858366,7500.0,7500.0,47,1.0,0.967588999,521.6044921,Guizhou,Sichuan
30-32,2016,467542192.88914865,7500.0,7500.0,48,1.0,0.972921965,435.7787242,Guizhou,Yunnan
30-32,2021,467542192.88914865,7500.0,7500.0,48,1.0,0.972921965,435.7787242,Guizhou,Yunnan
30-32,2026,467542192.88914865,7500.0,7500.0,48,1.0,0.972921965,435.7787242,Guizhou,Yunnan
30-32,2031,467542192.88914865,7500.0,7500.0,48,1.0,0.972921965,435.7787242,Guizhou,Yunnan
30-32,2036,467542192.88914865,7500.0,7500.0,48,1.0,0.972921965,435.7787242,Guizhou,Yunnan
14-7,2016,419243835.33122766,4000.0,4000.0,49,1.0,0.954473498,732.6780334,Hebei,Anhui
14-7,2021,419243835.33122766,4000.0,4000.0,49,1.0,0.954473498,732.6780334,Hebei,Anhui
14-7,2026,419243835.33122766,4000.0,4000.0,49,1.0,0.954473498,732.6780334,Hebei,Anhui
14-7,2031,419243835.33122766,4000.0,4000.0,49,1.0,0.954473498,732.6780334,Hebei,Anhui
14-7,2036,419243835.33122766,4000.0,4000.0,49,1.0,0.954473498,732.6780334,Hebei,Anhui
14-2,2016,614046444.6796005,11500.0,11500.0,52,1.0,0.976806784,373.2586301,Hebei,Henan
14-2,2021,614046444.6796005,11500.0,11500.0,52,1.0,0.976806784,373.2586301,Hebei,Henan
14-2,2026,614046444.6796005,11500.0,11500.0,52,1.0,0.976806784,373.2586301,Hebei,Henan
14-2,2031,614046444.6796005,11500.0,11500.0,52,1.0,0.976806784,373.2586301,Hebei,Henan
14-2,2036,614046444.6796005,11500.0,11500.0,52,1.0,0.976806784,373.2586301,Hebei,Henan
14-22,2016,930252590.5395489,7500.0,7500.0,53,1.0,0.946123768,867.0539114,Hebei,Liaoning
14-22,2021,930252590.5395489,7500.0,7500.0,53,1.0,0.946123768,867.0539114,Hebei,Liaoning
14-22,2026,930252590.5395489,7500.0,7500.0,53,1.0,0.946123768,867.0539114,Hebei,Liaoning
14-22,2031,930252590.5395489,7500.0,7500.0,53,1.0,0.946123768,867.0539114,Hebei,Liaoning
14-22,2036,930252590.5395489,7500.0,7500.0,53,1.0,0.946123768,867.0539114,Hebei,Liaoning
14-15,2016,289714264.82348126,7500.0,7500.0,54,1.0,0.983220995,270.0319129,Hebei,Shandong
14-15,2021,289714264.82348126,7500.0,7500.0,54,1.0,0.983220995,270.0319129,Hebei,Shandong
14-15,2026,289714264.82348126,7500.0,7500.0,54,1.0,0.983220995,270.0319129,Hebei,Shandong
14-15,2031,289714264.82348126,7500.0,7500.0,54,1.0,0.983220995,270.0319129,Hebei,Shandong
14-15,2036,289714264.82348126,7500.0,7500.0,54,1.0,0.983220995,270.0319129,Hebei,Shandong
14-16,2016,181827220.99775487,7500.0,7500.0,55,1.0,0.989469349,169.4744038,Hebei,Shanxi
14-16,2021,181827220.99775487,7500.0,7500.0,55,1.0,0.989469349,169.4744038,Hebei,Shanxi
14-16,2026,181827220.99775487,7500.0,7500.0,55,1.0,0.989469349,169.4744038,Hebei,Shanxi
14-16,2031,181827220.99775487,7500.0,7500.0,55,1.0,0.989469349,169.4744038,Hebei,Shanxi
14-16,2036,181827220.99775487,7500.0,7500.0,55,1.0,0.989469349,169.4744038,Hebei,Shanxi
14-17,2016,284276177.2300604,7500.0,7500.0,56,1.0,0.983535945,264.9632733,Hebei,Tianjin
14-17,2021,284276177.2300604,7500.0,7500.0,56,1.0,0.983535945,264.9632733,Hebei,Tianjin
14-17,2026,284276177.2300604,7500.0,7500.0,56,1.0,0.983535945,264.9632733,Hebei,Tianjin
14-17,2031,284276177.2300604,7500.0,7500.0,56,1.0,0.983535945,264.9632733,Hebei,Tianjin
14-17,2036,284276177.2300604,7500.0,7500.0,56,1.0,0.983535945,264.9632733,Hebei,Tianjin
14-18,2016,421244880.5619798,7500.0,7500.0,57,1.0,0.975603307,392.6267178,Hebei,West_Inner_Mongolia
14-18,2021,421244880.5619798,7500.0,7500.0,57,1.0,0.975603307,392.6267178,Hebei,West_Inner_Mongolia
14-18,2026,421244880.5619798,7500.0,7500.0,57,1.0,0.975603307,392.6267178,Hebei,West_Inner_Mongolia
14-18,2031,421244880.5619798,7500.0,7500.0,57,1.0,0.975603307,392.6267178,Hebei,West_Inner_Mongolia
14-18,2036,421244880.5619798,7500.0,7500.0,57,1.0,0.975603307,392.6267178,Hebei,West_Inner_Mongolia
20-21,2016,247544550.50543806,7500.0,7500.0,59,1.0,0.985663283,230.7270874,Heilongjiang,Jilin
20-21,2021,247544550.50543806,7500.0,7500.0,59,1.0,0.985663283,230.7270874,Heilongjiang,Jilin
20-21,2026,247544550.50543806,7500.0,7500.0,59,1.0,0.985663283,230.7270874,Heilongjiang,Jilin
20-21,2031,247544550.50543806,7500.0,7500.0,59,1.0,0.985663283,230.7270874,Heilongjiang,Jilin
20-21,2036,605623827.5202135,18348.934351927164,18348.934351927164,59,1.0,0.985663283,230.7270874,Heilongjiang,Jilin
2-3,2016,772717320.4116751,11500.0,11500.0,62,1.0,0.970813609,469.7094348,Henan,Hubei
2-3,2021,772717320.4116751,11500.0,11500.0,62,1.0,0.970813609,469.7094348,Henan,Hubei
2-3,2026,772717320.4116751,11500.0,11500.0,62,1.0,0.970813609,469.7094348,Henan,Hubei
2-3,2031,772717320.4116751,11500.0,11500.0,62,1.0,0.970813609,469.7094348,Henan,Hubei
2-3,2036,772717320.4116751,11500.0,11500.0,62,1.0,0.970813609,469.7094348,Henan,Hubei
2-26,2016,465862269.1107634,7500.0,7500.0,63,1.0,0.973019259,434.2129296,Henan,Shaanxi
2-26,2021,465862269.1107634,7500.0,7500.0,63,1.0,0.973019259,434.2129296,Henan,Shaanxi
2-26,2026,465862269.1107634,7500.0,7500.0,63,1.0,0.973019259,434.2129296,Henan,Shaanxi
2-26,2031,465862269.1107634,7500.0,7500.0,63,1.0,0.973019259,434.2129296,Henan,Shaanxi
2-26,2036,465862269.1107634,7500.0,7500.0,63,1.0,0.973019259,434.2129296,Henan,Shaanxi
2-15,2016,396913884.7513913,7500.0,7500.0,64,1.0,0.977012454,369.9486997,Henan,Shandong
2-15,2021,396913884.7513913,7500.0,7500.0,64,1.0,0.977012454,369.9486997,Henan,Shandong
2-15,2026,396913884.7513913,7500.0,7500.0,64,1.0,0.977012454,369.9486997,Henan,Shandong
2-15,2031,396913884.7513913,7500.0,7500.0,64,1.0,0.977012454,369.9486997,Henan,Shandong
2-15,2036,396913884.7513913,7500.0,7500.0,64,1.0,0.977012454,369.9486997,Henan,Shandong
2-16,2016,385752219.06292075,7500.0,7500.0,65,1.0,0.977658889,359.5453254,Henan,Shanxi
2-16,2021,385752219.06292075,7500.0,7500.0,65,1.0,0.977658889,359.5453254,Henan,Shanxi
2-16,2026,385752219.06292075,7500.0,7500.0,65,1.0,0.977658889,359.5453254,Henan,Shanxi
2-16,2031,385752219.06292075,7500.0,7500.0,65,1.0,0.977658889,359.5453254,Henan,Shanxi
2-16,2036,385752219.06292075,7500.0,7500.0,65,1.0,0.977658889,359.5453254,Henan,Shanxi
3-4,2016,313491738.3241017,7500.0,7500.0,70,1.0,0.981843906,292.1940134,Hubei,Hunan
3-4,2021,313491738.3241017,7500.0,7500.0,70,1.0,0.981843906,292.1940134,Hubei,Hunan
3-4,2026,313491738.3241017,7500.0,7500.0,70,1.0,0.981843906,292.1940134,Hubei,Hunan
3-4,2031,313491738.3241017,7500.0,7500.0,70,1.0,0.981843906,292.1940134,Hubei,Hunan
3-4,2036,313491738.3241017,7500.0,7500.0,70,1.0,0.981843906,292.1940134,Hubei,Hunan
3-5,2016,280580817.9758238,7500.0,7500.0,71,1.0,0.983749965,261.5189661,Hubei,Jiangxi
3-5,2021,280580817.9758238,7500.0,7500.0,71,1.0,0.983749965,261.5189661,Hubei,Jiangxi
3-5,2026,280580817.9758238,7500.0,7500.0,71,1.0,0.983749965,261.5189661,Hubei,Jiangxi
3-5,2031,280580817.9758238,7500.0,7500.0,71,1.0,0.983749965,261.5189661,Hubei,Jiangxi
3-5,2036,280580817.9758238,7500.0,7500.0,71,1.0,0.983749965,261.5189661,Hubei,Jiangxi
3-26,2016,695337094.8065528,7500.0,7500.0,72,1.0,0.959729064,648.0978972,Hubei,Shaanxi
3-26,2021,695337094.8065528,7500.0,7500.0,72,1.0,0.959729064,648.0978972,Hubei,Shaanxi
3-26,2026,695337094.8065528,7500.0,7500.0,72,1.0,0.959729064,648.0978972,Hubei,Shaanxi
3-26,2031,695337094.8065528,7500.0,7500.0,72,1.0,0.959729064,648.0978972,Hubei,Shaanxi
3-26,2036,695337094.8065528,7500.0,7500.0,72,1.0,0.959729064,648.0978972,Hubei,Shaanxi
4-5,2016,311372276.4979099,7500.0,7500.0,78,1.0,0.981966656,290.2185417,Hunan,Jiangxi
4-5,2021,311372276.4979099,7500.0,7500.0,78,1.0,0.981966656,290.2185417,Hunan,Jiangxi
4-5,2026,311372276.4979099,7500.0,7500.0,78,1.0,0.981966656,290.2185417,Hunan,Jiangxi
4-5,2031,311372276.4979099,7500.0,7500.0,78,1.0,0.981966656,290.2185417,Hunan,Jiangxi
4-5,2036,311372276.4979099,7500.0,7500.0,78,1.0,0.981966656,290.2185417,Hunan,Jiangxi
9-15,2016,577895505.2918953,7500.0,7500.0,80,1.0,0.966530776,538.6349507,Jiangsu,Shandong
9-15,2021,577895505.2918953,7500.0,7500.0,80,1.0,0.966530776,538.6349507,Jiangsu,Shandong
9-15,2026,577895505.2918953,7500.0,7500.0,80,1.0,0.966530776,538.6349507,Jiangsu,Shandong
9-15,2031,577895505.2918953,7500.0,7500.0,80,1.0,0.966530776,538.6349507,Jiangsu,Shandong
9-15,2036,577895505.2918953,7500.0,7500.0,80,1.0,0.966530776,538.6349507,Jiangsu,Shandong
9-10,2016,483969082.3693776,12500.0,12500.0,81,1.0,0.983182354,270.6537709,Jiangsu,Shanghai
9-10,2021,483969082.3693776,12500.0,12500.0,81,1.0,0.983182354,270.6537709,Jiangsu,Shanghai
9-10,2026,483969082.3693776,12500.0,12500.0,81,1.0,0.983182354,270.6537709,Jiangsu,Shanghai
9-10,2031,483969082.3693776,12500.0,12500.0,81,1.0,0.983182354,270.6537709,Jiangsu,Shanghai
9-10,2036,483969082.3693776,12500.0,12500.0,81,1.0,0.983182354,270.6537709,Jiangsu,Shanghai
9-11,2016,255358739.90544087,7500.0,7500.0,82,1.0,0.985210719,238.0104033,Jiangsu,Zhejiang
9-11,2021,255358739.90544087,7500.0,7500.0,82,1.0,0.985210719,238.0104033,Jiangsu,Zhejiang
9-11,2026,255358739.90544087,7500.0,7500.0,82,1.0,0.985210719,238.0104033,Jiangsu,Zhejiang
9-11,2031,255358739.90544087,7500.0,7500.0,82,1.0,0.985210719,238.0104033,Jiangsu,Zhejiang
9-11,2036,278525199.7898105,8180.409251694738,8180.409251694738,82,1.0,0.985210719,238.0104033,Jiangsu,Zhejiang
5-11,2016,481291575.61275536,7500.0,7500.0,88,1.0,0.97212566,448.5940135,Jiangxi,Zhejiang
5-11,2021,481291575.61275536,7500.0,7500.0,88,1.0,0.97212566,448.5940135,Jiangxi,Zhejiang
5-11,2026,481291575.61275536,7500.0,7500.0,88,1.0,0.97212566,448.5940135,Jiangxi,Zhejiang
5-11,2031,481291575.61275536,7500.0,7500.0,88,1.0,0.97212566,448.5940135,Jiangxi,Zhejiang
5-11,2036,481291575.61275536,7500.0,7500.0,88,1.0,0.97212566,448.5940135,Jiangxi,Zhejiang
21-22,2016,300400886.9198245,7500.0,7500.0,91,1.0,0.982602072,279.9925167,Jilin,Liaoning
21-22,2021,300400886.9198245,7500.0,7500.0,91,1.0,0.982602072,279.9925167,Jilin,Liaoning
21-22,2026,300400886.9198245,7500.0,7500.0,91,1.0,0.982602072,279.9925167,Jilin,Liaoning
21-22,2031,300400886.9198245,7500.0,7500.0,91,1.0,0.982602072,279.9925167,Jilin,Liaoning
21-22,2036,300400886.9198245,7500.0,7500.0,91,1.0,0.982602072,279.9925167,Jilin,Liaoning
24-26,2016,563806005.7094342,7500.0,7500.0,96,1.0,0.967346779,525.5026511,Ningxia,Shaanxi
24-26,2021,563806005.7094342,7500.0,7500.0,96,1.0,0.967346779,525.5026511,Ningxia,Shaanxi
24-26,2026,563806005.7094342,7500.0,7500.0,96,1.0,0.967346779,525.5026511,Ningxia,Shaanxi
24-26,2031,563806005.7094342,7500.0,7500.0,96,1.0,0.967346779,525.5026511,Ningxia,Shaanxi
24-26,2036,563806005.7094342,7500.0,7500.0,96,1.0,0.967346779,525.5026511,Ningxia,Shaanxi
24-15,2016,552973585.3315008,4000.0,4000.0,97,1.0,0.939951524,966.386539,Ningxia,Shandong
24-15,2021,552973585.3315008,4000.0,4000.0,97,1.0,0.939951524,966.386539,Ningxia,Shandong
24-15,2026,552973585.3315008,4000.0,4000.0,97,1.0,0.939951524,966.386539,Ningxia,Shandong
24-15,2031,552973585.3315008,4000.0,4000.0,97,1.0,0.939951524,966.386539,Ningxia,Shandong
24-15,2036,552973585.3315008,4000.0,4000.0,97,1.0,0.939951524,966.386539,Ningxia,Shandong
24-18,2016,569126920.3073425,7500.0,7500.0,98,1.0,0.967038615,530.4620781,Ningxia,West_Inner_Mongolia
24-18,2021,569126920.3073425,7500.0,7500.0,98,1.0,0.967038615,530.4620781,Ningxia,West_Inner_Mongolia
24-18,2026,569126920.3073425,7500.0,7500.0,98,1.0,0.967038615,530.4620781,Ningxia,West_Inner_Mongolia
24-18,2031,569126920.3073425,7500.0,7500.0,98,1.0,0.967038615,530.4620781,Ningxia,West_Inner_Mongolia
24-18,2036,569126920.3073425,7500.0,7500.0,98,1.0,0.967038615,530.4620781,Ningxia,West_Inner_Mongolia
24-11,2016,1611267774.1056237,7200.0,7200.0,99,1.0,0.902794057,1564.378007,Ningxia,Zhejiang
24-11,2021,1611267774.1056237,7200.0,7200.0,99,1.0,0.902794057,1564.378007,Ningxia,Zhejiang
24-11,2026,1611267774.1056237,7200.0,7200.0,99,1.0,0.902794057,1564.378007,Ningxia,Zhejiang
24-11,2031,1611267774.1056237,7200.0,7200.0,99,1.0,0.902794057,1564.378007,Ningxia,Zhejiang
24-11,2036,1611267774.1056237,7200.0,7200.0,99,1.0,0.902794057,1564.378007,Ningxia,Zhejiang
25-6,2016,745261218.2232695,7500.0,7500.0,101,1.0,0.956837673,694.6303196,Qinghai,Sichuan
25-6,2021,745261218.2232695,7500.0,7500.0,101,1.0,0.956837673,694.6303196,Qinghai,Sichuan
25-6,2026,745261218.2232695,7500.0,7500.0,101,1.0,0.956837673,694.6303196,Qinghai,Sichuan
25-6,2031,745261218.2232695,7500.0,7500.0,101,1.0,0.956837673,694.6303196,Qinghai,Sichuan
25-6,2036,745261218.2232695,7500.0,7500.0,101,1.0,0.956837673,694.6303196,Qinghai,Sichuan
25-34,2016,215663654.11538544,1200.0,1200.0,102,1.0,0.92193555,1256.325545,Qinghai,Tibet
25-34,2021,215663654.11538544,1200.0,1200.0,102,1.0,0.92193555,1256.325545,Qinghai,Tibet
25-34,2026,215663654.11538544,1200.0,1200.0,102,1.0,0.92193555,1256.325545,Qinghai,Tibet
25-34,2031,215663654.11538544,1200.0,1200.0,102,1.0,0.92193555,1256.325545,Qinghai,Tibet
25-34,2036,215663654.11538544,1200.0,1200.0,102,1.0,0.92193555,1256.325545,Qinghai,Tibet
25-27,2016,1547060568.9744864,7500.0,7500.0,103,1.0,0.9104009,1441.957734,Qinghai,Xinjiang
25-27,2021,1547060568.9744864,7500.0,7500.0,103,1.0,0.9104009,1441.957734,Qinghai,Xinjiang
25-27,2026,1547060568.9744864,7500.0,7500.0,103,1.0,0.9104009,1441.957734,Qinghai,Xinjiang
25-27,2031,1547060568.9744864,7500.0,7500.0,103,1.0,0.9104009,1441.957734,Qinghai,Xinjiang
25-27,2036,1547060568.9744864,7500.0,7500.0,103,1.0,0.9104009,1441.957734,Qinghai,Xinjiang
26-9,2016,541665616.7316822,4000.0,4000.0,108,1.0,0.941179479,946.6245306,Shaanxi,Jiangsu
26-9,2021,541665616.7316822,4000.0,4000.0,108,1.0,0.941179479,946.6245306,Shaanxi,Jiangsu
26-9,2026,541665616.7316822,4000.0,4000.0,108,1.0,0.941179479,946.6245306,Shaanxi,Jiangsu
26-9,2031,541665616.7316822,4000.0,4000.0,108,1.0,0.941179479,946.6245306,Shaanxi,Jiangsu
26-9,2036,541665616.7316822,4000.0,4000.0,108,1.0,0.941179479,946.6245306,Shaanxi,Jiangsu
26-16,2016,554246505.2045947,7500.0,7500.0,110,1.0,0.967900424,516.5925955,Shaanxi,Shanxi
26-16,2021,554246505.2045947,7500.0,7500.0,110,1.0,0.967900424,516.5925955,Shaanxi,Shanxi
26-16,2026,554246505.2045947,7500.0,7500.0,110,1.0,0.967900424,516.5925955,Shaanxi,Shanxi
26-16,2031,554246505.2045947,7500.0,7500.0,110,1.0,0.967900424,516.5925955,Shaanxi,Shanxi
26-16,2036,554246505.2045947,7500.0,7500.0,110,1.0,0.967900424,516.5925955,Shaanxi,Shanxi
26-6,2016,521131362.62680405,6000.0,6000.0,111,1.0,0.962272889,607.1590003,Shaanxi,Sichuan
26-6,2021,521131362.62680405,6000.0,6000.0,111,1.0,0.962272889,607.1590003,Shaanxi,Sichuan
26-6,2026,521131362.62680405,6000.0,6000.0,111,1.0,0.962272889,607.1590003,Shaanxi,Sichuan
26-6,2031,521131362.62680405,6000.0,6000.0,111,1.0,0.962272889,607.1590003,Shaanxi,Sichuan
26-6,2036,521131362.62680405,6000.0,6000.0,111,1.0,0.962272889,607.1590003,Shaanxi,Sichuan
26-18,2016,823441267.266966,7500.0,7500.0,112,1.0,0.952309821,767.4990415,Shaanxi,West_Inner_Mongolia
26-18,2021,823441267.266966,7500.0,7500.0,112,1.0,0.952309821,767.4990415,Shaanxi,West_Inner_Mongolia
26-18,2026,823441267.266966,7500.0,7500.0,112,1.0,0.952309821,767.4990415,Shaanxi,West_Inner_Mongolia
26-18,2031,823441267.266966,7500.0,7500.0,112,1.0,0.952309821,767.4990415,Shaanxi,West_Inner_Mongolia
26-18,2036,823441267.266966,7500.0,7500.0,112,1.0,0.952309821,767.4990415,Shaanxi,West_Inner_Mongolia
10-11,2016,295755425.6397023,12500.0,12500.0,118,1.0,0.98972267,165.3975928,Shanghai,Zhejiang
10-11,2021,295755425.6397023,12500.0,12500.0,118,1.0,0.98972267,165.3975928,Shanghai,Zhejiang
10-11,2026,295755425.6397023,12500.0,12500.0,118,1.0,0.98972267,165.3975928,Shanghai,Zhejiang
10-11,2031,295755425.6397023,12500.0,12500.0,118,1.0,0.98972267,165.3975928,Shanghai,Zhejiang
10-11,2036,295755425.6397023,12500.0,12500.0,118,1.0,0.98972267,165.3975928,Shanghai,Zhejiang
16-4,2016,769597670.3538408,5000.0,5000.0,121,1.0,0.933142315,1075.970135,Shanxi,Hunan
16-4,2021,769597670.3538408,5000.0,5000.0,121,1.0,0.933142315,1075.970135,Shanxi,Hunan
16-4,2026,769597670.3538408,5000.0,5000.0,121,1.0,0.933142315,1075.970135,Shanxi,Hunan
16-4,2031,769597670.3538408,5000.0,5000.0,121,1.0,0.933142315,1075.970135,Shanxi,Hunan
16-4,2036,769597670.3538408,5000.0,5000.0,121,1.0,0.933142315,1075.970135,Shanxi,Hunan
16-9,2016,614508636.8641466,5000.0,5000.0,122,1.0,0.946615451,859.1410375,Shanxi,Jiangsu
16-9,2021,614508636.8641466,5000.0,5000.0,122,1.0,0.946615451,859.1410375,Shanxi,Jiangsu
16-9,2026,614508636.8641466,5000.0,5000.0,122,1.0,0.946615451,859.1410375,Shanxi,Jiangsu
16-9,2031,614508636.8641466,5000.0,5000.0,122,1.0,0.946615451,859.1410375,Shanxi,Jiangsu
16-9,2036,614508636.8641466,5000.0,5000.0,122,1.0,0.946615451,859.1410375,Shanxi,Jiangsu
16-15,2016,237299883.96903977,4000.0,4000.0,124,1.0,0.974231145,414.7095262,Shanxi,Shandong
16-15,2021,237299883.96903977,4000.0,4000.0,124,1.0,0.974231145,414.7095262,Shanxi,Shandong
16-15,2026,237299883.96903977,4000.0,4000.0,124,1.0,0.974231145,414.7095262,Shanxi,Shandong
16-15,2031,237299883.96903977,4000.0,4000.0,124,1.0,0.974231145,414.7095262,Shanxi,Shandong
16-15,2036,237299883.96903977,4000.0,4000.0,124,1.0,0.974231145,414.7095262,Shanxi,Shandong
16-18,2016,361699546.6409666,7500.0,7500.0,125,1.0,0.979051917,337.1267222,Shanxi,West_Inner_Mongolia
16-18,2021,361699546.6409666,7500.0,7500.0,125,1.0,0.979051917,337.1267222,Shanxi,West_Inner_Mongolia
16-18,2026,361699546.6409666,7500.0,7500.0,125,1.0,0.979051917,337.1267222,Shanxi,West_Inner_Mongolia
16-18,2031,361699546.6409666,7500.0,7500.0,125,1.0,0.979051917,337.1267222,Shanxi,West_Inner_Mongolia
16-18,2036,361699546.6409666,7500.0,7500.0,125,1.0,0.979051917,337.1267222,Shanxi,West_Inner_Mongolia
6-28,2016,1132309336.1310453,6400.0,6400.0,128,1.0,0.923150206,1236.777544,Sichuan,Guangdong
6-28,2021,1132309336.1310453,6400.0,6400.0,128,1.0,0.923150206,1236.777544,Sichuan,Guangdong
6-28,2026,1132309336.1310453,6400.0,6400.0,128,1.0,0.923150206,1236.777544,Sichuan,Guangdong
6-28,2031,1132309336.1310453,6400.0,6400.0,128,1.0,0.923150206,1236.777544,Sichuan,Guangdong
6-28,2036,1132309336.1310453,6400.0,6400.0,128,1.0,0.923150206,1236.777544,Sichuan,Guangdong
6-4,2016,1034466565.774448,8000.0,8000.0,130,1.0,0.943832633,903.9261465,Sichuan,Hunan
6-4,2021,1034466565.774448,8000.0,8000.0,130,1.0,0.943832633,903.9261465,Sichuan,Hunan
6-4,2026,1034466565.774448,8000.0,8000.0,130,1.0,0.943832633,903.9261465,Sichuan,Hunan
6-4,2031,1034466565.774448,8000.0,8000.0,130,1.0,0.943832633,903.9261465,Sichuan,Hunan
6-4,2036,1034466565.774448,8000.0,8000.0,130,1.0,0.943832633,903.9261465,Sichuan,Hunan
6-34,2016,1340371356.7697387,7500.0,7500.0,133,1.0,0.922371451,1249.310391,Sichuan,Tibet
6-34,2021,1340371356.7697387,7500.0,7500.0,133,1.0,0.922371451,1249.310391,Sichuan,Tibet
6-34,2026,1340371356.7697387,7500.0,7500.0,133,1.0,0.922371451,1249.310391,Sichuan,Tibet
6-34,2031,1340371356.7697387,7500.0,7500.0,133,1.0,0.922371451,1249.310391,Sichuan,Tibet
6-34,2036,1340371356.7697387,7500.0,7500.0,133,1.0,0.922371451,1249.310391,Sichuan,Tibet
6-32,2016,685674367.5755329,7500.0,7500.0,134,1.0,0.960288687,639.0916278,Sichuan,Yunnan
6-32,2021,685674367.5755329,7500.0,7500.0,134,1.0,0.960288687,639.0916278,Sichuan,Yunnan
6-32,2026,685674367.5755329,7500.0,7500.0,134,1.0,0.960288687,639.0916278,Sichuan,Yunnan
6-32,2031,685674367.5755329,7500.0,7500.0,134,1.0,0.960288687,639.0916278,Sichuan,Yunnan
6-32,2036,685674367.5755329,7500.0,7500.0,134,1.0,0.960288687,639.0916278,Sichuan,Yunnan
17-15,2016,196366788.42543516,5000.0,5000.0,137,1.0,0.982940919,274.5392924,Tianjin,Shandong
17-15,2021,196366788.42543516,5000.0,5000.0,137,1.0,0.982940919,274.5392924,Tianjin,Shandong
17-15,2026,196366788.42543516,5000.0,5000.0,137,1.0,0.982940919,274.5392924,Tianjin,Shandong
17-15,2031,196366788.42543516,5000.0,5000.0,137,1.0,0.982940919,274.5392924,Tianjin,Shandong
17-15,2036,196366788.42543516,5000.0,5000.0,137,1.0,0.982940919,274.5392924,Tianjin,Shandong
34-27,2016,1719034015.1163673,7500.0,7500.0,140,1.0,0.900440937,1602.2478,Tibet,Xinjiang
34-27,2021,1719034015.1163673,7500.0,7500.0,140,1.0,0.900440937,1602.2478,Tibet,Xinjiang
34-27,2026,1719034015.1163673,7500.0,7500.0,140,1.0,0.900440937,1602.2478,Tibet,Xinjiang
34-27,2031,1719034015.1163673,7500.0,7500.0,140,1.0,0.900440937,1602.2478,Tibet,Xinjiang
34-27,2036,1719034015.1163673,7500.0,7500.0,140,1.0,0.900440937,1602.2478,Tibet,Xinjiang
34-32,2016,1343182347.3670015,7500.0,7500.0,141,1.0,0.922208651,1251.930411,Tibet,Yunnan
34-32,2021,1343182347.3670015,7500.0,7500.0,141,1.0,0.922208651,1251.930411,Tibet,Yunnan
34-32,2026,1343182347.3670015,7500.0,7500.0,141,1.0,0.922208651,1251.930411,Tibet,Yunnan
34-32,2031,1343182347.3670015,7500.0,7500.0,141,1.0,0.922208651,1251.930411,Tibet,Yunnan
34-32,2036,1343182347.3670015,7500.0,7500.0,141,1.0,0.922208651,1251.930411,Tibet,Yunnan
18-5,2016,1446433123.9846902,7200.0,7200.0,145,1.0,0.912738343,1404.340237,West_Inner_Mongolia,Jiangxi
18-5,2021,1446433123.9846902,7200.0,7200.0,145,1.0,0.912738343,1404.340237,West_Inner_Mongolia,Jiangxi
18-5,2026,1446433123.9846902,7200.0,7200.0,145,1.0,0.912738343,1404.340237,West_Inner_Mongolia,Jiangxi
18-5,2031,1446433123.9846902,7200.0,7200.0,145,1.0,0.912738343,1404.340237,West_Inner_Mongolia,Jiangxi
18-5,2036,1446433123.9846902,7200.0,7200.0,145,1.0,0.912738343,1404.340237,West_Inner_Mongolia,Jiangxi
27-2,2016,5032574462.795893,14400.0,14400.0,150,1.0,0.848195268,2443.060345,Xinjiang,Henan
27-2,2021,5032574462.795893,14400.0,14400.0,150,1.0,0.848195268,2443.060345,Xinjiang,Henan
27-2,2026,5032574462.795893,14400.0,14400.0,150,1.0,0.848195268,2443.060345,Xinjiang,Henan
27-2,2031,5032574462.795893,14400.0,14400.0,150,1.0,0.848195268,2443.060345,Xinjiang,Henan
27-2,2036,5032574462.795893,14400.0,14400.0,150,1.0,0.848195268,2443.060345,Xinjiang,Henan
27-15,2016,2680651239.282149,7200.0,7200.0,152,1.0,0.838279375,2602.641169,Xinjiang,Shandong
27-15,2021,2680651239.282149,7200.0,7200.0,152,1.0,0.838279375,2602.641169,Xinjiang,Shandong
27-15,2026,2680651239.282149,7200.0,7200.0,152,1.0,0.838279375,2602.641169,Xinjiang,Shandong
27-15,2031,2680651239.282149,7200.0,7200.0,152,1.0,0.838279375,2602.641169,Xinjiang,Shandong
27-15,2036,2680651239.282149,7200.0,7200.0,152,1.0,0.838279375,2602.641169,Xinjiang,Shandong
32-28,2016,781452002.8624913,5000.0,5000.0,154,1.0,0.932112487,1092.54361,Yunnan,Guangdong
32-28,2021,781452002.8624913,5000.0,5000.0,154,1.0,0.932112487,1092.54361,Yunnan,Guangdong
32-28,2026,781452002.8624913,5000.0,5000.0,154,1.0,0.932112487,1092.54361,Yunnan,Guangdong
32-28,2031,781452002.8624913,5000.0,5000.0,154,1.0,0.932112487,1092.54361,Yunnan,Guangdong
32-28,2036,781452002.8624913,5000.0,5000.0,154,1.0,0.932112487,1092.54361,Yunnan,Guangdong
32-11,2016,1866486319.7576597,7200.0,7200.0,159,1.0,0.887397014,1812.169396,Yunnan,Zhejiang
32-11,2021,1866486319.7576597,7200.0,7200.0,159,1.0,0.887397014,1812.169396,Yunnan,Zhejiang
32-11,2026,1866486319.7576597,7200.0,7200.0,159,1.0,0.887397014,1812.169396,Yunnan,Zhejiang
32-11,2031,1866486319.7576597,7200.0,7200.0,159,1.0,0.887397014,1812.169396,Yunnan,Zhejiang
32-11,2036,1866486319.7576597,7200.0,7200.0,159,1.0,0.887397014,1812.169396,Yunnan,Zhejiang
